PhoneNumber:ID,:LABEL
17097817769,phone
17367743411,phone
17800241109,phone
13502436465,phone
15943437350,phone
18772947409,phone
18033151287,phone
15229379320,phone
17068887077,phone
13614286596,phone
13113228987,phone
13959447585,phone
17517046788,phone
15513620601,phone
17507067328,phone
15258655452,phone
13442811317,phone
18694459200,phone
13460758618,phone
15139165791,phone
14784833303,phone
18547432729,phone
13777111802,phone
13667423641,phone
13899399999,phone
17056771518,phone
13993790028,phone
14505671101,phone
17507067328,phone
18237693998,phone
14783515890,phone
18535684419,phone
13560105223,phone
18560663694,phone
17620441076,phone
17348421297,phone
15992979640,phone
18217864067,phone
15116027219,phone
18442165549,phone
13488720781,phone
15063245232,phone
15925762499,phone
13220247921,phone
17798360865,phone
15592796398,phone
18716172920,phone
15511004991,phone
14515099334,phone
13954897912,phone
18088476767,phone
15996955273,phone
15291068991,phone
18072173001,phone
13641009688,phone
13484517068,phone
18248287829,phone
18761980718,phone
18467658472,phone
15708637749,phone
15613021748,phone
15149512043,phone
15331950820,phone
17564241942,phone
13065447576,phone
15028431034,phone
18529187088,phone
15152008593,phone
14712677380,phone
18792953825,phone
15565683087,phone
14531291444,phone
18126080844,phone
18694459200,phone
17714613056,phone
18658633779,phone
17247805657,phone
15173897476,phone
13990446634,phone
18746114078,phone
15098225610,phone
14712677380,phone
18155302695,phone
13800852109,phone
15356911276,phone
13160110091,phone
15247470379,phone
17378292699,phone
18758474817,phone
13790316036,phone
15110883151,phone
18263157300,phone
14559473115,phone
18891552276,phone
13252017686,phone
13708927533,phone
17363082967,phone
18553869232,phone
15513735363,phone
15032941091,phone
17257192108,phone
14794366737,phone
15693424825,phone
15365426456,phone
18620860340,phone
17047382740,phone
18008486912,phone
18760781391,phone
18042418995,phone
13708013839,phone
17802670406,phone
15725709177,phone
18221816631,phone
15538615313,phone
15169284261,phone
15646437602,phone
13887498686,phone
13589974567,phone
15329407966,phone
13794360968,phone
18691078763,phone
18663419354,phone
15963107794,phone
14930848319,phone
15122002568,phone
14505666310,phone
14557811806,phone
15106184216,phone
14966355114,phone
13762023929,phone
18744696921,phone
14552806089,phone
17139687298,phone
13050466232,phone
15867452118,phone
17658076927,phone
13738987531,phone
18859683763,phone
13429097872,phone
15146868210,phone
17398058737,phone
13006783904,phone
13728091544,phone
17551141881,phone
13965790180,phone
15723876897,phone
15509020449,phone
14925305854,phone
13575552232,phone
14791280511,phone
17787345879,phone
17211091079,phone
17107925348,phone
15687181695,phone
15694765392,phone
18117763659,phone
13873735502,phone
18283616701,phone
13118051994,phone
17715109201,phone
13013330841,phone
18835098153,phone
18411925238,phone
15637827450,phone
18919512206,phone
18939543824,phone
14951490878,phone
13015352318,phone
13977381862,phone
13414430492,phone
18553575112,phone
17705400545,phone
18817976397,phone
17694987481,phone
13451055603,phone
18706821932,phone
13844279538,phone
13740865642,phone
15918001710,phone
14930848319,phone
15025348447,phone
15947203112,phone
15625959708,phone
13721297903,phone
13200294156,phone
18772947409,phone
18559592559,phone
18877497559,phone
14952628907,phone
18228632934,phone
17500300397,phone
18128696157,phone
15082426656,phone
14552806089,phone
18832150330,phone
13598309438,phone
13678210891,phone
15376670801,phone
18087671210,phone
14789711045,phone
15098946408,phone
